Question,Answer
1. What are the Sustainable Development Goals (SDGs) and when were they created?,"The Sustainable Development Goals (SDGs) are a set of 17 goals created in the year 2015 by leaders from 193 countries to address global challenges such as poverty, hunger, climate change, and inequality."
2. How many countries are involved in working towards achieving the SDGs?,193 countries are involved in working towards achieving the Sustainable Development Goals (SDGs).
3. What is the goal related to ending extreme poverty by 2030?,"The goal related to ending extreme poverty by 2030 is to ""End extreme poverty in all forms by 2030."""
4. How has hunger been addressed in the past 20 years and what is the goal for the future?,"In the past 20 years, hunger has dropped by almost half, and many countries that used to suffer from famine and hunger can now meet the nutritional needs of their most vulnerable people. The goal for the future is to end hunger and malnutrition once and for all by promoting sustainable agriculture and supporting small farmers. The aim is to ensure that everyone has access to sufficient and nutritious food all year round by 2030."
5. What is the importance of ensuring healthy lives and promoting well-being for all ages?,"Ensuring healthy lives and promoting well-being for all ages is crucial because it directly impacts the quality of life for individuals and communities. Good health enables people to enjoy life, be productive, and contribute to society. It also reduces healthcare costs, increases life expectancy, and improves overall well-being. Additionally, healthy individuals are better equipped to handle challenges and contribute to economic growth and development."
6. How has progress been made in achieving gender equality and empowering women and girls?,"Progress has been made in achieving gender equality and empowering women and girls in various ways. More girls are in school compared to 2000, with most regions reaching gender parity in primary education. The percentage of women getting paid for their work is on the rise. Efforts are being made to end discrimination against women and girls everywhere, as outlined in the Sustainable Development Goals."
"7. Why is it important to ensure access to affordable, reliable, sustainable, and modern energy for all?","Ensuring access to affordable, reliable, sustainable, and modern energy for all is important for several reasons:

1. **Economic Growth:** Access to energy is crucial for economic development. It enables businesses to operate efficiently, creates job opportunities, and drives economic growth.

2. **Quality of Life:** Energy is essential for basic needs such as lighting, heating, cooking, and access to clean water. It improves the quality of life for individuals and communities.

3. **Healthcare:** Energy is vital for powering healthcare facilities, medical equipment, and refrigeration for vaccines and medicines. Reliable energy access can save lives and improve healthcare services.

4. **Education:** Energy is necessary for schools to function effectively, providing lighting, heating, and powering educational tools. It enables students to study after dark and access digital resources.

5. **Environmental Sustainability:** Sustainable energy sources help reduce greenhouse gas emissions and combat climate change. Access to clean energy promotes environmental conservation and protects natural resources.

6. **Social Equity:** Ensuring universal access to energy helps reduce inequalities by providing opportunities for all individuals and communities to thrive and participate in economic and social activities.

Overall, access to affordable, reliable, sustainable, and modern energy is a fundamental aspect of achieving sustainable development and improving the well-being of people worldwide."
8. How can countries work together to combat climate change and its impacts?,"Countries can work together to combat climate change and its impacts by implementing the Sustainable Development Goals (SDGs) that aim to reduce all forms of violence and propose lasting solutions to conflict and insecurity. This includes strengthening the rule of law, reducing the flow of illicit arms, and bringing developing countries more into the center of institutions of global governance. Additionally, countries can collaborate on reducing greenhouse gas emissions, investing in renewable energy sources, and implementing policies to limit the increase in global mean temperature to two degrees Celsius above pre-industrial levels. By working together, countries can address the urgent challenge of climate change and its impacts."
9. What are some ways to promote sustainable consumption and production patterns?,"Some ways to promote sustainable consumption and production patterns include managing natural resources efficiently, reducing and recycling waste, cutting per capita food waste globally, and encouraging businesses and consumers to reduce waste. Additionally, helping countries transition towards more responsible consumption patterns can contribute to promoting sustainability."
"10. Why is it important to protect, restore, and promote the sustainable use of terrestrial ecosystems?","It is important to protect, restore, and promote the sustainable use of terrestrial ecosystems because they provide essential services for humans and other animals. Terrestrial ecosystems, such as forests, wetlands, and mountains, play a crucial role in providing food, clean air, clean water, and combating climate change. They also support biodiversity and are home to millions of animal species. By conserving and restoring these ecosystems, we can ensure the well-being of both the environment and the species that depend on them."
